-- MySQL Script generated by MySQL Workbench
-- Sun Apr 25 17:10:58 2021
-- Model: New Model    Version: 1.0
-- MySQL Workbench Forward Engineering

SET @OLD_UNIQUE_CHECKS=@@UNIQUE_CHECKS, UNIQUE_CHECKS=0;
SET @OLD_FOREIGN_KEY_CHECKS=@@FOREIGN_KEY_CHECKS, FOREIGN_KEY_CHECKS=0;
SET @OLD_SQL_MODE=@@SQL_MODE, SQL_MODE='ONLY_FULL_GROUP_BY,STRICT_TRANS_TABLES,NO_ZERO_IN_DATE,NO_ZERO_DATE,ERROR_FOR_DIVISION_BY_ZERO,NO_ENGINE_SUBSTITUTION';

-- -----------------------------------------------------
-- Schema mydb
-- -----------------------------------------------------
-- -----------------------------------------------------
-- Schema hcl_project_pet_store
-- -----------------------------------------------------

-- -----------------------------------------------------
-- Schema hcl_project_pet_store
-- -----------------------------------------------------
CREATE SCHEMA IF NOT EXISTS `hcl_project_pet_store` DEFAULT CHARACTER SET utf8 ;
USE `hcl_project_pet_store` ;

-- -----------------------------------------------------
-- Table `hcl_project_pet_store`.`customer`
-- -----------------------------------------------------
DROP TABLE IF EXISTS `hcl_project_pet_store`.`customer` ;

CREATE TABLE IF NOT EXISTS `hcl_project_pet_store`.`customer` (
  `customer_id` BIGINT(20) UNSIGNED NOT NULL AUTO_INCREMENT,
  `firstname` VARCHAR(255) NOT NULL,
  `lastname` VARCHAR(255) NOT NULL,
  `dob` DATE NOT NULL,
  `address` VARCHAR(255) NOT NULL,
  `phone` VARCHAR(255) NOT NULL,
  `username` VARCHAR(255) NOT NULL,
  `password` VARCHAR(255) NOT NULL,
  `date_created` DATETIME NULL DEFAULT CURRENT_TIMESTAMP,
  `date_modifed` TIMESTAMP NOT NULL DEFAULT CURRENT_TIMESTAMP ON UPDATE CURRENT_TIMESTAMP,
  PRIMARY KEY USING BTREE (`customer_id`))
ENGINE = InnoDB
AUTO_INCREMENT = 3
DEFAULT CHARACTER SET = utf8;


-- -----------------------------------------------------
-- Table `hcl_project_pet_store`.`cart`
-- -----------------------------------------------------
DROP TABLE IF EXISTS `hcl_project_pet_store`.`cart` ;

CREATE TABLE IF NOT EXISTS `hcl_project_pet_store`.`cart` (
  `cart_id` BIGINT(20) UNSIGNED NOT NULL AUTO_INCREMENT,
  `customer_id` BIGINT(20) UNSIGNED NOT NULL,
  `date_created` DATETIME NULL DEFAULT CURRENT_TIMESTAMP,
  `date_modified` TIMESTAMP NULL DEFAULT CURRENT_TIMESTAMP ON UPDATE CURRENT_TIMESTAMP,
  PRIMARY KEY USING BTREE (`cart_id`, `customer_id`),
  UNIQUE INDEX `customer_id` (`customer_id` ASC) VISIBLE,
  CONSTRAINT `id`
    FOREIGN KEY (`customer_id`)
    REFERENCES `hcl_project_pet_store`.`customer` (`customer_id`)
    ON DELETE CASCADE
    ON UPDATE CASCADE)
ENGINE = InnoDB
AUTO_INCREMENT = 3
DEFAULT CHARACTER SET = utf8;


-- -----------------------------------------------------
-- Table `hcl_project_pet_store`.`category`
-- -----------------------------------------------------
DROP TABLE IF EXISTS `hcl_project_pet_store`.`category` ;

CREATE TABLE IF NOT EXISTS `hcl_project_pet_store`.`category` (
  `category_id` BIGINT(20) UNSIGNED NOT NULL AUTO_INCREMENT,
  `category_name` VARCHAR(255) NOT NULL,
  `sub_categories` VARCHAR(255) NULL DEFAULT NULL,
  `date_created` DATETIME NULL DEFAULT CURRENT_TIMESTAMP,
  `date_modified` TIMESTAMP NULL DEFAULT CURRENT_TIMESTAMP ON UPDATE CURRENT_TIMESTAMP,
  PRIMARY KEY (`category_id`))
ENGINE = InnoDB
AUTO_INCREMENT = 7
DEFAULT CHARACTER SET = utf8;


-- -----------------------------------------------------
-- Table `hcl_project_pet_store`.`product`
-- -----------------------------------------------------
DROP TABLE IF EXISTS `hcl_project_pet_store`.`product` ;

CREATE TABLE IF NOT EXISTS `hcl_project_pet_store`.`product` (
  `product_id` BIGINT(20) UNSIGNED NOT NULL AUTO_INCREMENT,
  `category_id` BIGINT(20) UNSIGNED NOT NULL,
  `product_name` TEXT NOT NULL,
  `description` TEXT NOT NULL,
  `brand` VARCHAR(255) NOT NULL,
  `material` VARCHAR(255) NOT NULL,
  `origin` VARCHAR(255) NOT NULL,
  `price` FLOAT(10,0) UNSIGNED NOT NULL,
  `product_numbers` BIGINT(20) UNSIGNED NOT NULL,
  `photos` LONGTEXT NOT NULL,
  `product_state` ENUM('NEW', 'USED') NOT NULL,
  `date_created` DATETIME NULL DEFAULT CURRENT_TIMESTAMP,
  `date_modified` TIMESTAMP NULL DEFAULT CURRENT_TIMESTAMP ON UPDATE CURRENT_TIMESTAMP,
  PRIMARY KEY (`product_id`),
  INDEX `FKED8DCCEF8DB829FC` (`category_id` ASC) VISIBLE,
  CONSTRAINT `category_id`
    FOREIGN KEY (`category_id`)
    REFERENCES `hcl_project_pet_store`.`category` (`category_id`)
    ON DELETE CASCADE
    ON UPDATE CASCADE)
ENGINE = InnoDB
AUTO_INCREMENT = 5
DEFAULT CHARACTER SET = utf8;


-- -----------------------------------------------------
-- Table `hcl_project_pet_store`.`cart_item`
-- -----------------------------------------------------
DROP TABLE IF EXISTS `hcl_project_pet_store`.`cart_item` ;

CREATE TABLE IF NOT EXISTS `hcl_project_pet_store`.`cart_item` (
  `cart_item_id` BIGINT(20) UNSIGNED NOT NULL AUTO_INCREMENT,
  `cart_id` BIGINT(20) UNSIGNED NOT NULL,
  `product_id` BIGINT(20) UNSIGNED NOT NULL,
  `quantity` INT(255) NOT NULL,
  `date_created` DATETIME NULL DEFAULT CURRENT_TIMESTAMP,
  `date_modified` TIMESTAMP NULL DEFAULT CURRENT_TIMESTAMP ON UPDATE CURRENT_TIMESTAMP,
  PRIMARY KEY (`cart_item_id`),
  INDEX `cart_id` (`cart_id` ASC) VISIBLE,
  INDEX `product_id` (`product_id` ASC) VISIBLE,
  CONSTRAINT `cart_id`
    FOREIGN KEY (`cart_id`)
    REFERENCES `hcl_project_pet_store`.`cart` (`cart_id`)
    ON DELETE CASCADE
    ON UPDATE CASCADE,
  CONSTRAINT `product_id`
    FOREIGN KEY (`product_id`)
    REFERENCES `hcl_project_pet_store`.`product` (`product_id`)
    ON DELETE CASCADE
    ON UPDATE CASCADE)
ENGINE = InnoDB
AUTO_INCREMENT = 111
DEFAULT CHARACTER SET = utf8;


-- -----------------------------------------------------
-- Table `hcl_project_pet_store`.`order`
-- -----------------------------------------------------
DROP TABLE IF EXISTS `hcl_project_pet_store`.`order` ;

CREATE TABLE IF NOT EXISTS `hcl_project_pet_store`.`order` (
  `order_id` BIGINT(20) UNSIGNED NOT NULL AUTO_INCREMENT,
  `customer_id` BIGINT(20) UNSIGNED NOT NULL,
  `total_price` DECIMAL(10,2) UNSIGNED NULL DEFAULT NULL,
  `customer_firstname` VARCHAR(255) NULL DEFAULT NULL,
  `customer_lastname` VARCHAR(255) NULL DEFAULT NULL,
  `customer_country` VARCHAR(255) NULL DEFAULT NULL,
  `customer_city` VARCHAR(255) NULL DEFAULT NULL,
  `customer_address` VARCHAR(255) NULL DEFAULT NULL,
  `customer_phone` VARCHAR(255) NULL DEFAULT NULL,
  `customer_email` VARCHAR(255) NULL DEFAULT NULL,
  `zip_code` VARCHAR(255) NULL DEFAULT NULL,
  `note` TEXT NULL DEFAULT NULL,
  `date_created` DATETIME NULL DEFAULT CURRENT_TIMESTAMP,
  `date_modified` TIMESTAMP NULL DEFAULT CURRENT_TIMESTAMP ON UPDATE CURRENT_TIMESTAMP,
  PRIMARY KEY (`order_id`),
  INDEX `customer_order_id` (`customer_id` ASC) VISIBLE,
  CONSTRAINT `customer_order_id`
    FOREIGN KEY (`customer_id`)
    REFERENCES `hcl_project_pet_store`.`customer` (`customer_id`)
    ON DELETE CASCADE
    ON UPDATE CASCADE)
ENGINE = InnoDB
AUTO_INCREMENT = 63
DEFAULT CHARACTER SET = utf8;


-- -----------------------------------------------------
-- Table `hcl_project_pet_store`.`order_product`
-- -----------------------------------------------------
DROP TABLE IF EXISTS `hcl_project_pet_store`.`order_product` ;

CREATE TABLE IF NOT EXISTS `hcl_project_pet_store`.`order_product` (
  `order_product_id` BIGINT(20) UNSIGNED NOT NULL AUTO_INCREMENT,
  `product_id` BIGINT(20) UNSIGNED NOT NULL,
  `order_id` BIGINT(20) UNSIGNED NOT NULL,
  `order_product_number` INT(10) UNSIGNED NOT NULL,
  `date_created` DATETIME NULL DEFAULT CURRENT_TIMESTAMP,
  `date_modified` TIMESTAMP NULL DEFAULT CURRENT_TIMESTAMP ON UPDATE CURRENT_TIMESTAMP,
  PRIMARY KEY (`order_product_id`),
  INDEX `order_id` (`order_id` ASC) VISIBLE,
  INDEX `product_oder_product_id` (`product_id` ASC) VISIBLE,
  CONSTRAINT `order_id`
    FOREIGN KEY (`order_id`)
    REFERENCES `hcl_project_pet_store`.`order` (`order_id`)
    ON DELETE CASCADE
    ON UPDATE CASCADE,
  CONSTRAINT `product_oder_product_id`
    FOREIGN KEY (`product_id`)
    REFERENCES `hcl_project_pet_store`.`product` (`product_id`)
    ON DELETE CASCADE
    ON UPDATE CASCADE)
ENGINE = InnoDB
AUTO_INCREMENT = 50
DEFAULT CHARACTER SET = utf8;


-- -----------------------------------------------------
-- Table `hcl_project_pet_store`.`pet`
-- -----------------------------------------------------
DROP TABLE IF EXISTS `hcl_project_pet_store`.`pet` ;

CREATE TABLE IF NOT EXISTS `hcl_project_pet_store`.`pet` (
  `pet_id` BIGINT(20) UNSIGNED NOT NULL AUTO_INCREMENT,
  `pet_name` VARCHAR(255) NOT NULL,
  `pet_age` FLOAT(255,0) NOT NULL,
  `pet_weight` DOUBLE(10,2) NOT NULL,
  `pet_type` VARCHAR(255) NOT NULL,
  `pet_origin` VARCHAR(255) NOT NULL,
  `status` ENUM('IN_STOCK', 'OUT_OF_STOCK') NOT NULL,
  `photos` VARCHAR(255) NOT NULL,
  `pet_description` TEXT NOT NULL,
  `date_created` DATETIME NULL DEFAULT CURRENT_TIMESTAMP,
  `date_modified` TIMESTAMP NULL DEFAULT CURRENT_TIMESTAMP ON UPDATE CURRENT_TIMESTAMP,
  PRIMARY KEY (`pet_id`))
ENGINE = InnoDB
AUTO_INCREMENT = 4
DEFAULT CHARACTER SET = utf8;


-- -----------------------------------------------------
-- Table `hcl_project_pet_store`.`seller`
-- -----------------------------------------------------
DROP TABLE IF EXISTS `hcl_project_pet_store`.`seller` ;

CREATE TABLE IF NOT EXISTS `hcl_project_pet_store`.`seller` (
  `seller_id` BIGINT(20) UNSIGNED NOT NULL AUTO_INCREMENT,
  `username` VARCHAR(255) NOT NULL,
  `password` VARCHAR(255) NOT NULL,
  `date_created` DATETIME NULL DEFAULT CURRENT_TIMESTAMP,
  `date_modified` TIMESTAMP NULL DEFAULT CURRENT_TIMESTAMP ON UPDATE CURRENT_TIMESTAMP,
  PRIMARY KEY (`seller_id`))
ENGINE = InnoDB
AUTO_INCREMENT = 23
DEFAULT CHARACTER SET = utf8;


SET SQL_MODE=@OLD_SQL_MODE;
SET FOREIGN_KEY_CHECKS=@OLD_FOREIGN_KEY_CHECKS;
SET UNIQUE_CHECKS=@OLD_UNIQUE_CHECKS;

INSERT INTO `cart` VALUES (1,1,'2021-04-21 14:02:23','2021-04-21 07:03:53'),(2,2,'2021-04-21 14:15:43','2021-04-21 07:15:43');
INSERT INTO `cart_item` VALUES (106,2,2,2,'2021-04-25 14:28:56','2021-04-25 07:28:56'),(110,1,2,3,'2021-04-25 14:34:42','2021-04-25 07:34:53');
INSERT INTO `category` VALUES (1,'hang','quan ao','2021-04-20 12:27:40','2021-04-21 04:53:06'),(3,'hang moi ve','hang oi','2021-04-21 09:54:25','2021-04-21 03:17:08'),(4,'hang moi ve',NULL,'2021-04-21 11:50:20','2021-04-21 04:50:20'),(5,'hang moi ve',NULL,'2021-04-21 11:51:12','2021-04-21 04:51:12'),(6,'hang moi ve',NULL,'2021-04-21 11:53:30','2021-04-21 04:53:30');
INSERT INTO `customer` VALUES (1,'nhung','do','2021-04-21','address new','09345345','nhung','nhung','2021-04-21 10:37:18','2021-04-21 03:41:31'),(2,'nhung','do','2021-03-25','no','no','no','no','2021-04-21 14:15:17','2021-04-21 07:15:17');
INSERT INTO `order` VALUES (1,1,2.00,'n','n','n','n','n','bn','n','n','new changes','2021-04-21 10:45:35','2021-04-21 04:45:47'),(3,1,34.00,'nhung','do','hanoi','ha tay','xon 2','thidonhung','zipcode','nothing','nothing','2021-04-21 11:45:10','2021-04-21 04:45:10'),(4,1,34.00,'nhung','do','hanoi','ha tay','xon 2','thidonhung','zipcode','nothing','nothing','2021-04-21 11:48:42','2021-04-21 04:48:42'),(34,1,0.00,NULL,NULL,NULL,NULL,NULL,NULL,NULL,NULL,NULL,'2021-04-25 08:38:08','2021-04-25 01:38:08'),(35,1,0.00,NULL,NULL,NULL,NULL,NULL,NULL,NULL,NULL,NULL,'2021-04-25 08:39:40','2021-04-25 01:39:40'),(40,1,0.00,NULL,NULL,NULL,NULL,NULL,NULL,NULL,NULL,NULL,'2021-04-25 09:41:40','2021-04-25 02:41:40'),(41,1,0.00,NULL,NULL,NULL,NULL,NULL,NULL,NULL,NULL,NULL,'2021-04-25 09:45:34','2021-04-25 02:45:34'),(42,1,0.00,NULL,NULL,NULL,NULL,NULL,NULL,NULL,NULL,NULL,'2021-04-25 09:45:43','2021-04-25 02:45:43'),(43,1,0.00,NULL,NULL,NULL,NULL,NULL,NULL,NULL,NULL,NULL,'2021-04-25 09:48:39','2021-04-25 02:48:39'),(44,1,0.00,NULL,NULL,NULL,NULL,NULL,NULL,NULL,NULL,NULL,'2021-04-25 09:48:47','2021-04-25 02:48:47'),(45,1,0.00,NULL,NULL,NULL,NULL,NULL,NULL,NULL,NULL,NULL,'2021-04-25 09:48:59','2021-04-25 02:48:59'),(46,1,0.00,NULL,NULL,NULL,NULL,NULL,NULL,NULL,NULL,NULL,'2021-04-25 09:49:13','2021-04-25 02:49:13'),(47,1,0.00,NULL,NULL,NULL,NULL,NULL,NULL,NULL,NULL,NULL,'2021-04-25 09:52:06','2021-04-25 02:52:06'),(48,1,0.00,NULL,NULL,NULL,NULL,NULL,NULL,NULL,NULL,NULL,'2021-04-25 09:54:53','2021-04-25 02:54:53'),(49,1,0.00,NULL,NULL,NULL,NULL,NULL,NULL,NULL,NULL,NULL,'2021-04-25 09:55:11','2021-04-25 02:55:11'),(50,1,0.00,NULL,NULL,NULL,NULL,NULL,NULL,NULL,NULL,NULL,'2021-04-25 09:55:46','2021-04-25 02:55:46'),(51,1,0.00,NULL,NULL,NULL,NULL,NULL,NULL,NULL,NULL,NULL,'2021-04-25 10:01:39','2021-04-25 03:01:39'),(52,1,0.00,NULL,NULL,NULL,NULL,NULL,NULL,NULL,NULL,NULL,'2021-04-25 10:02:05','2021-04-25 03:02:05'),(53,1,0.00,NULL,NULL,NULL,NULL,NULL,NULL,NULL,NULL,NULL,'2021-04-25 10:06:57','2021-04-25 03:06:57'),(54,1,0.00,NULL,NULL,NULL,NULL,NULL,NULL,NULL,NULL,NULL,'2021-04-25 10:18:59','2021-04-25 03:18:59'),(55,1,0.00,NULL,NULL,NULL,NULL,NULL,NULL,NULL,NULL,NULL,'2021-04-25 10:27:32','2021-04-25 03:27:32'),(56,1,0.00,NULL,NULL,NULL,NULL,NULL,NULL,NULL,NULL,NULL,'2021-04-25 10:27:52','2021-04-25 03:27:52'),(57,1,0.00,NULL,NULL,NULL,NULL,NULL,NULL,NULL,NULL,NULL,'2021-04-25 10:28:06','2021-04-25 03:28:06'),(58,1,0.00,NULL,NULL,NULL,NULL,'thidonhung',NULL,'thidonhung@gmail.com',NULL,NULL,'2021-04-25 10:43:57','2021-04-25 03:43:57'),(59,1,0.00,NULL,NULL,NULL,NULL,'thidonhung',NULL,'youwillbesucessful@gmail.com',NULL,NULL,'2021-04-25 10:44:39','2021-04-25 03:44:39'),(60,1,0.00,NULL,NULL,NULL,NULL,'thidonhung',NULL,'youwillbesucessful@gmail.com',NULL,NULL,'2021-04-25 10:44:53','2021-04-25 03:44:53'),(61,1,0.00,NULL,NULL,NULL,NULL,'thidonhung',NULL,'thidonhung@gmail.com',NULL,NULL,'2021-04-25 14:30:44','2021-04-25 07:30:44'),(62,1,0.00,NULL,NULL,NULL,NULL,'thidonhung',NULL,'thidonhung@gmail.com',NULL,NULL,'2021-04-25 14:37:53','2021-04-25 07:37:53');
INSERT INTO `order_product` VALUES (1,1,1,5,'2021-04-21 11:17:00','2021-04-21 04:17:00'),(35,1,40,2,'2021-04-25 09:41:40','2021-04-25 02:41:40'),(36,2,41,2,'2021-04-25 09:45:34','2021-04-25 02:45:34'),(37,3,51,3,'2021-04-25 10:01:39','2021-04-25 03:01:39'),(38,2,53,4,'2021-04-25 10:06:57','2021-04-25 03:06:57'),(39,1,54,2,'2021-04-25 10:18:59','2021-04-25 03:18:59'),(40,2,55,7,'2021-04-25 10:27:32','2021-04-25 03:27:32'),(41,3,56,3,'2021-04-25 10:27:52','2021-04-25 03:27:52'),(42,2,57,3,'2021-04-25 10:28:06','2021-04-25 03:28:06'),(43,1,58,3,'2021-04-25 10:43:57','2021-04-25 03:43:57'),(44,3,59,2,'2021-04-25 10:44:39','2021-04-25 03:44:39'),(45,2,60,2,'2021-04-25 10:44:53','2021-04-25 03:44:53'),(46,3,60,2,'2021-04-25 10:44:53','2021-04-25 03:44:53'),(47,2,61,2,'2021-04-25 14:30:44','2021-04-25 07:30:44'),(48,3,62,2,'2021-04-25 14:37:53','2021-04-25 07:37:53'),(49,1,62,4,'2021-04-25 14:37:53','2021-04-25 07:37:53');
INSERT INTO `seller` VALUES (20,'admin1','update','2021-04-21 00:12:39','2021-04-20 17:21:16'),(21,'admin1','admin1','2021-04-21 00:20:23','2021-04-20 17:20:23'),(22,'admin1','admin1','2021-04-21 17:15:10','2021-04-21 10:15:10');